0x1c04e940:	0xe8e7e7e7	0xe7e7e7e7	0xe7e7e7e7	0xe7e7e7e7
0x1c04e950:	0xe7e7e7e7	0xe7e7e7e7	0xe7e7e7e7	0xe7e7e7e7
0x1c04e960:	0xe8e7e7e7	0xe7e7e7e7	0xe7e7e7e7	0xe7e7e7e7
0x1c04e970:	0xe7e7e8e7	0xe7e6e7e7	0xe7e7e7e7	0xe7e7e7e7
0x1c04e980:	0xe8e7e7e7	0xe7e7e7e7	0xe7e7e8e7	0xe8e7e8e7
0x1c04e990:	0xe7e7e7e7	0xe7e7e7e7	0xe7e7e7e7	0xe7e7e7e7
0x1c04e9a0:	0xe8e7e7e7	0xe8e7e7e7	0xe8e7e7e7	0xe7e7e7e7
0x1c04e9b0:	0xe7e7e8e7	0xe7e7e7e7	0xe7e7e7e7	0xe7e7e7e7
0x1c04e9c0:	0xe8e7e7e7	0xe7e7e7e7	0xe7e7e7e7	0xe7e7e7e7
0x1c04e9d0:	0xe7e7e7e7	0xe7e7e7e7	0xe7e7e7e7	0xe7e6e7e7
0x1c04e9e0:	0xe8e7e7e7	0xe8e7e7e6	0xe7e7e7e7	0xe8e7e7e7
0x1c04e9f0:	0xe7e7e7e7	0xe7e7e7e7	0xe7e7e7e7	0xe7e7e7e7
0x1c04ea00:	0xe8e7e7e7	0xe8e8e8e7	0xe8e7e7e7	0xe7e7e7e7
0x1c04ea10:	0xe7e7e7e7	0xe7e7e7e7	0xe7e7e7e6	0xe7e7e7e7
0x1c04ea20:	0xe8e7e8e7	0xe8e7e8e7	0xe8e7e7e7	0xe7e7e7e7
0x1c04ea30:	0xe8e7e7e7	0xe7e7e7e7	0xe8e7e7e7	0xe7e7e7e7
0x1c04ea40:	0xe8e7e7e7	0xe8e7e7e7	0xe8e8e8e8	0xe8e7e8e7
0x1c04ea50:	0xe7e7e7e7	0xe7e7e7e7	0xe7e6e7e7	0xe7e7e7e7
0x1c04ea60:	0xe8e7e7e7	0xe8e7e8e7	0xe7e7e7e8	0xe7e7e7e7
0x1c04ea70:	0xe8e7e7e7	0xe7e7e7e7	0xe8e7e7e7	0xe7e7e7e7
0x1c04ea80:	0xe9e7e7e7	0xe8e7e8e7	0xe8e8e7e7	0xe7e7e7e7
0x1c04ea90:	0xe7e7e7e7	0xe7e7e7e7	0xe7e6e7e7	0xe7e7e7e7
0x1c04eaa0:	0xe8e7e7e7	0xe8e7e7e7	0xe7e7e7e7	0xe8e7e7e7
0x1c04eab0:	0xe7e7e8e7	0xe8e7e7e7	0xe7e6e8e7	0xe7e7e7e7
0x1c04eac0:	0xe8e7e7e7	0xe8e7e8e7	0xe7e7e8e7	0xe7e7e8e7
0x1c04ead0:	0xe7e7e7e6	0xe7e7e7e7	0xe7e7e7e7	0xe7e7e7e7
0x1c04eae0:	0xe9e7e7e7	0xe7e7e8e7	0xe8e7e8e7	0xe7e7e8e7
0x1c04eaf0:	0xe8e7e8e7	0xe7e7e7e7	0xe7e7e7e7	0xe7e7e7e7
0x1c04eb00:	0xe8e7e8e8	0xe7e7e8e7	0xe7e7e8e8	0xe8e7e8e7
0x1c04eb10:	0xe8e7e7e7	0xe7e7e7e7	0xe7e7e7e7	0xe7e6e7e7
0x1c04eb20:	0xe8e7e8e7	0xe8e7e8e7	0xe7e7e7e7	0xe7e7e8e7
0x1c04eb30:	0xe7e8e7e7	0xe7e7e7e7	0xe7e7e7e6	0xe7e6e7e7
