0x1c04e940:	0x18191819	0x18181818	0x18191918	0x1819181a
0x1c04e950:	0x19191819	0x19191919	0x18191919	0x191b1918
0x1c04e960:	0x18191819	0x18191819	0x18191818	0x18191819
0x1c04e970:	0x18191919	0x19191919	0x19191919	0x191b1919
0x1c04e980:	0x1818191a	0x18191819	0x19181918	0x19191919
0x1c04e990:	0x1919191b	0x191a191b	0x18191919	0x191a1919
0x1c04e9a0:	0x18191819	0x191a1819	0x19191819	0x1819181a
0x1c04e9b0:	0x18191a19	0x191b1819	0x1819191b	0x191a1919
0x1c04e9c0:	0x18191819	0x18191819	0x18191819	0x18191819
0x1c04e9d0:	0x19191819	0x1919191a	0x18191919	0x19191919
0x1c04e9e0:	0x181a1819	0x18191818	0x18191819	0x19191819
0x1c04e9f0:	0x19191819	0x181a1819	0x18191919	0x19191919
0x1c04ea00:	0x18191819	0x18191819	0x19181819	0x18191919
0x1c04ea10:	0x18191919	0x18191819	0x191a1b19	0x191b1919
0x1c04ea20:	0x18191818	0x19181818	0x18181919	0x1819181a
0x1c04ea30:	0x18191819	0x19191919	0x19191919	0x19191919
0x1c04ea40:	0x18191818	0x181a1918	0x181a1919	0x19191819
0x1c04ea50:	0x18191818	0x181a191a	0x191a1919	0x191a1919
0x1c04ea60:	0x18191819	0x18191819	0x19191819	0x18181818
0x1c04ea70:	0x191a1919	0x18191919	0x19191919	0x191a1919
0x1c04ea80:	0x18191819	0x19191818	0x191a1819	0x19191819
0x1c04ea90:	0x18191819	0x19191919	0x19181919	0x191b1919
0x1c04eaa0:	0x18181819	0x19191919	0x19191919	0x191a1919
0x1c04eab0:	0x18191919	0x1919191a	0x19191a19	0x18191919
0x1c04eac0:	0x18191819	0x19191919	0x18191919	0x18191819
0x1c04ead0:	0x19191919	0x19191919	0x1919191a	0x191a1918
0x1c04eae0:	0x18191819	0x18181919	0x1819181a	0x19191919
0x1c04eaf0:	0x19191919	0x19191919	0x19191919	0x19191919
0x1c04eb00:	0x1819191a	0x18191919	0x18191919	0x19191919
0x1c04eb10:	0x191a1919	0x18191819	0x19191919	0x191a1919
0x1c04eb20:	0x18191819	0x19191918	0x191a1818	0x18191919
0x1c04eb30:	0x18191919	0x19191819	0x1819191a	0x191b1919
