0x1c04e940:	0x1819191b	0x18191919	0x191b1919	0x1919191b
0x1c04e950:	0x191a1819	0x19191b1a	0x1819191b	0x1b1b1b1b
0x1c04e960:	0x191b191b	0x19191819	0x19191919	0x191a191a
0x1c04e970:	0x191a1b19	0x1b19191b	0x191b1919	0x191b191b
0x1c04e980:	0x1819191b	0x19191919	0x19191919	0x1a191b1b
0x1c04e990:	0x1919191a	0x191b191b	0x191b191b	0x191b1a1b
0x1c04e9a0:	0x19191919	0x191b1919	0x19191919	0x191a181a
0x1c04e9b0:	0x191a1b19	0x191b191b	0x191b191b	0x191b191b
0x1c04e9c0:	0x181a1919	0x18191919	0x1819191b	0x1919191a
0x1c04e9d0:	0x191b191b	0x1b191919	0x181b191b	0x1a1b1b1b
0x1c04e9e0:	0x181a191b	0x19191919	0x19191919	0x1a1a1919
0x1c04e9f0:	0x191b1919	0x191b191a	0x191b191b	0x191b1919
0x1c04ea00:	0x191b191b	0x191a1919	0x19191919	0x181b1a1b
0x1c04ea10:	0x191b1a1b	0x181a191b	0x1b1b1b1b	0x191b191a
0x1c04ea20:	0x19191919	0x19191919	0x1919191a	0x191a191b
0x1c04ea30:	0x1919191b	0x191b1919	0x1a1a1a1b	0x191a1919
0x1c04ea40:	0x191b1919	0x191a1919	0x191b191b	0x1b1a1919
0x1c04ea50:	0x191a1919	0x191b191b	0x1b1b1a1b	0x1a1b1919
0x1c04ea60:	0x1919181a	0x1919191a	0x191b191a	0x19191919
0x1c04ea70:	0x1a1b1a19	0x191b1a1b	0x1919191b	0x1a1b1a1a
0x1c04ea80:	0x19191919	0x1919191b	0x1b1b1919	0x1919191a
0x1c04ea90:	0x181a191a	0x191a1919	0x1a1a1a1a	0x1b1b1a1a
0x1c04eaa0:	0x18191819	0x191b191b	0x191b1919	0x191a191a
0x1c04eab0:	0x191a1b1b	0x1a19191b	0x191b1b1b	0x191a1a1b
0x1c04eac0:	0x191a1919	0x19191919	0x1919191a	0x19191919
0x1c04ead0:	0x191b1919	0x1a1a1a1b	0x191b191b	0x1b1b191a
0x1c04eae0:	0x18191919	0x1919191a	0x1919191a	0x19191919
0x1c04eaf0:	0x191a1a19	0x19191919	0x191a1a1b	0x1b1a1a1b
0x1c04eb00:	0x1819191a	0x19191919	0x1919191a	0x191a191b
0x1c04eb10:	0x1a1a191a	0x1819191b	0x1919191a	0x191a1b1a
0x1c04eb20:	0x191a1919	0x19191919	0x191b1919	0x191a1919
0x1c04eb30:	0x191b191b	0x191b1919	0x191a191a	0x1a1b191a
