0.8000001848085699,0.00048285120228815526,False
0.7999985834835712,0.00048317115004697974,False
0.8000001848085699,0.00048274455303521377,False
0.8000001848085699,0.00048285120228815526,False
0.8000001848085699,0.00048306450079403825,False
0.7999985834835712,0.00048306450079403825,False
0.8000001848085699,0.00048317115004697974,False
0.8000001848085699,0.00048306450079403825,False
0.8000001848085699,0.00048317115004697974,False
0.7999985834835712,0.00048327779929992123,False
0.8000001848085699,0.00048317115004697974,False
0.8000001848085699,0.0004833844485528627,False
0.8000001848085699,0.0004834910978058042,False
0.7999985834835712,0.0004833844485528627,False
0.8000017861335686,0.0004835977470587457,False
0.7999985834835712,0.0004835977470587457,False
0.8000001848085699,0.0004835977470587457,False
0.8000001848085699,0.00048381104556462825,False
0.8000001848085699,0.00048381104556462825,False
0.8000001848085699,0.0004839176948175702,False
0.7999985834835712,0.00048402434407051123,False
0.8000001848085699,0.0004842376425763942,False
0.8000001848085699,0.0004842376425763942,False
0.8000001848085699,0.00048434429182933614,False
0.7999985834835712,0.00048434429182933614,False
0.8000001848085699,0.0004845575903352191,False
0.8000001848085699,0.00048445094108227763,False
0.8000001848085699,0.0004846642395881606,False
0.8000001848085699,0.0004845575903352191,False
0.7999985834835712,0.0004847708888411021,False
0.8000001848085699,0.0004845575903352191,False
0.8000001848085699,0.0004847708888411021,False
0.7999985834835712,0.0004848775380940436,False
0.8000001848085699,0.0004849841873469851,False
0.8000001848085699,0.00048519748585286807,False
0.8000001848085699,0.0004850908365999266,False
0.8000001848085699,0.0004848775380940436,False
0.8000001848085699,0.00048519748585286807,False
0.8000001848085699,0.00048519748585286807,False
0.7999985834835712,0.00048519748585286807,False
0.8000001848085699,0.00048551743361169254,False
0.8000001848085699,0.00048530413510580956,False
0.7999985834835712,0.0004854107843587506,False
0.8000001848085699,0.0004854107843587506,False
0.8000001848085699,0.0004856240828646336,False
0.8000001848085699,0.0004856240828646336,False
0.7999985834835712,0.0004857307321175755,False
0.8000001848085699,0.0004859440306234585,False
0.8000001848085699,0.0004858373813705166,False
0.8000001848085699,0.0004859440306234585,False
0.8000001848085699,0.0004859440306234585,False
0.8000001848085699,0.00048605067987639956,False
0.7999985834835712,0.00048605067987639956,False
0.8000001848085699,0.0004861573291293415,False
0.8000001848085699,0.00048626397838228254,False
0.8000001848085699,0.0004861573291293415,False
0.8000001848085699,0.00048605067987639956,False
0.7999985834835712,0.00048637062763522447,False
0.8000001848085699,0.00048637062763522447,False
0.8000001848085699,0.00048637062763522447,False
0.8000001848085699,0.00048658392614110745,False
0.7999985834835712,0.00048647727688816596,False
0.8000001848085699,0.00048658392614110745,False
0.8000001848085699,0.00048658392614110745,False
0.8000001848085699,0.00048658392614110745,False
0.7999985834835712,0.00048658392614110745,False
0.8000001848085699,0.00048679722464699043,False
0.8000001848085699,0.0004869038738999319,False
0.8000001848085699,0.00048669057539404894,False
0.8000001848085699,0.000487010523152873,False
0.7999985834835712,0.00048679722464699043,False
0.8000001848085699,0.00048722382165875596,False
0.7999985834835712,0.000487010523152873,False
0.8000001848085699,0.0004873304709116979,False
0.8000017861335686,0.00048722382165875596,False
0.8000001848085699,0.00048743712016463894,False
0.7999985834835712,0.00048722382165875596,False
0.8000001848085699,0.0004873304709116979,False
0.8000001848085699,0.00048743712016463894,False
0.8000001848085699,0.0004873304709116979,False
0.7999985834835712,0.00048754376941758087,False
0.8000001848085699,0.0004876504186705219,False
0.8000001848085699,0.0004876504186705219,False
0.8000001848085699,0.0004878637171764049,False
0.8000001848085699,0.00048775706792346385,False
0.7999985834835712,0.0004876504186705219,False
0.8000001848085699,0.0004878637171764049,False
0.8000001848085699,0.00048775706792346385,False
0.7999985834835712,0.00048775706792346385,False
0.8000001848085699,0.0004878637171764049,False
0.8000001848085699,0.0004878637171764049,False
0.8000001848085699,0.00048775706792346385,False
0.7999985834835712,0.00048797036642934683,False
0.8000017861335686,0.00048797036642934683,False
0.7999985834835712,0.0004880770156822879,False
0.8000001848085699,0.0004882903141881709,False
0.8000001848085699,0.0004883969634411124,False
0.8000001848085699,0.0004882903141881709,False
0.7999985834835712,0.0004882903141881709,False
0.8000001848085699,0.0004886102619469953,False
0.8000001848085699,0.0004883969634411124,False
0.8000001848085699,0.0004885036126940539,False
0.7999985834835712,0.0004885036126940539,False
0.8000001848085699,0.0004887169111999373,False
0.8000001848085699,0.0004887169111999373,False
0.7999985834835712,0.0004885036126940539,False
0.8000017861335686,0.0004887169111999373,False
0.7999985834835712,0.0004885036126940539,False
0.8000001848085699,0.0004887169111999373,False
0.8000001848085699,0.0004888235604528783,False
0.8000001848085699,0.0004889302097058203,False
0.7999985834835712,0.0004889302097058203,False
0.8000017861335686,0.0004889302097058203,False
0.7999985834835712,0.0004888235604528783,False
0.8000001848085699,0.0004891435082117032,False
0.8000001848085699,0.0004892501574646443,False
0.8000001848085699,0.0004893568067175862,False
0.7999985834835712,0.0004893568067175862,False
0.8000001848085699,0.0004893568067175862,False
0.7999985834835712,0.0004893568067175862,False
0.8000001848085699,0.0004893568067175862,False
0.8000001848085699,0.0004895701052234692,False
0.8000001848085699,0.0004892501574646443,False
0.7999985834835712,0.0004893568067175862,False
0.8000017861335686,0.0004894634559705273,False
0.7999985834835712,0.0004895701052234692,False
0.8000001848085699,0.000487010523152873,False
0.8000001848085699,0.0004842376425763942,False
0.7999985834835712,0.0004842376425763942,False
0.8000001848085699,0.0004845575903352191,False
0.8000001848085699,0.0004846642395881606,False
0.8000001848085699,0.0004849841873469851,False
0.8000017861335686,0.0004848775380940436,False
0.7999985834835712,0.0004850908365999266,False
0.8000001848085699,0.00048519748585286807,False
0.7999985834835712,0.0004854107843587506,False
0.8000001848085699,0.0004856240828646336,False
0.8000001848085699,0.0004994884857470274,False
0.7999985834835712,0.0005039677543705696,False
0.8000001848085699,0.0005041810528764526,False
0.8000001848085699,0.0005041810528764526,False
0.8000001848085699,0.0005045010006352771,False
0.8000001848085699,0.0005046076498882186,False
0.7999985834835712,0.0005046076498882186,False
0.8000001848085699,0.000504927597647043,False
0.8000001848085699,0.0005050342468999845,False
0.7999985834835712,0.000504927597647043,False
0.8000017861335686,0.0005053541946588086,False
0.7999985834835712,0.0005053541946588086,False
0.8000001848085699,0.0005054608439117505,False
0.8000017861335686,0.0005055674931646915,False
0.7999985834835712,0.0005056741424176335,False
0.8000001848085699,0.0005057807916705745,False
0.8000001848085699,0.0005058874409235165,False
0.7999985834835712,0.0005059940901764579,False
0.8000001848085699,0.0005062073886823409,False
0.8000001848085699,0.0005061007394293994,False
0.8000001848085699,0.0005065273364411654,False
0.7999985834835712,0.0005064206871882239,False
0.8000001848085699,0.0005065273364411654,False
0.8000001848085699,0.0005068472841999899,False
0.8000001848085699,0.0005065273364411654,False
0.7999985834835712,0.0005070605827058729,False
0.8000001848085699,0.0005068472841999899,False
0.8000001848085699,0.0005070605827058729,False
0.8000001848085699,0.0005071672319588139,False
0.7999985834835712,0.0005070605827058729,False
0.8000001848085699,0.0005073805304646969,False
0.8000001848085699,0.0005072738812117558,False
0.8000001848085699,0.0005073805304646969,False
0.8000001848085699,0.0005075938289705799,False
0.8000001848085699,0.0005073805304646969,False
0.7999985834835712,0.0005078071274764629,False
0.8000001848085699,0.0005077004782235218,False
0.8000001848085699,0.0005079137767294048,False
0.8000001848085699,0.0005083403737411703,False
0.7999985834835712,0.0005082337244882293,False
0.8000001848085699,0.0005080204259823463,False
0.8000001848085699,0.0005082337244882293,False
0.8000001848085699,0.0005083403737411703,False
0.7999985834835712,0.0005083403737411703,False
0.8000001848085699,0.0005084470229941122,False
0.8000001848085699,0.0005082337244882293,False
0.8000001848085699,0.0005085536722470533,False
0.7999985834835712,0.0005086603214999952,False
0.8000001848085699,0.0005086603214999952,False
0.8000001848085699,0.0005087669707529363,False
0.8000001848085699,0.0005088736200058782,False
0.8000001848085699,0.0005088736200058782,False
0.8000001848085699,0.0005086603214999952,False
0.8000001848085699,0.0005089802692588193,False
0.7999985834835712,0.0005091935677647022,False
0.7999985834835712,0.0005090869185117612,False
0.8000017861335686,0.0005094068662705852,False
0.8000001848085699,0.0005093002170176442,False
0.7999985834835712,0.0005094068662705852,False
0.8000001848085699,0.0005096201647764682,False
0.8000001848085699,0.0005095135155235271,False
0.7999985834835712,0.0005096201647764682,False
0.8000001848085699,0.0005097268140294101,False
0.8000001848085699,0.0005099401125352927,False
0.8000001848085699,0.0005096201647764682,False
0.8000001848085699,0.0005098334632823512,False
0.7999985834835712,0.0005099401125352927,False
0.8000001848085699,0.0005099401125352927,False
0.8000001848085699,0.0005101534110411757,False
0.8000001848085699,0.0005101534110411757,False
0.8000001848085699,0.0005100467617882342,False
0.8000001848085699,0.0005103667095470586,False
0.7999985834835712,0.0005103667095470586,False
0.8000001848085699,0.0005103667095470586,False
0.8000001848085699,0.0005103667095470586,False
0.7999985834835712,0.0005103667095470586,False
0.8000017861335686,0.0005105800080529416,False
0.7999985834835712,0.0005111132543176495,False
0.8000001848085699,0.0005105800080529416,False
0.7999985834835712,0.0005104733588000006,False
0.8000001848085699,0.0005106866573058835,False
0.8000001848085699,0.0005106866573058835,False
0.8000001848085699,0.0005106866573058835,False
0.8000001848085699,0.0005110066050647076,False
0.8000001848085699,0.0005107933065588246,False
0.8000001848085699,0.0005110066050647076,False
0.7999985834835712,0.0005108999558117665,False
0.8000001848085699,0.0005113265528235321,False
0.7999985834835712,0.0005111132543176495,False
0.8000017861335686,0.0005112199035705906,False
0.8000001848085699,0.0005114332020764735,False
0.7999985834835712,0.0005113265528235321,False
0.8000001848085699,0.0005114332020764735,False
0.8000001848085699,0.000511539851329415,False
0.7999985834835712,0.0005116465005823565,False
0.8000001848085699,0.000511539851329415,False
0.8000001848085699,0.0005114332020764735,False
0.8000001848085699,0.000511539851329415,False
0.7999985834835712,0.000511753149835298,False
0.8000001848085699,0.000511753149835298,False
0.8000001848085699,0.0005118597990882395,False
0.8000001848085699,0.0005116465005823565,False
0.8000001848085699,0.0005118597990882395,False
0.8000001848085699,0.000511966448341181,False
0.7999985834835712,0.000512179746847064,False
0.8000001848085699,0.000511966448341181,False
0.7999985834835712,0.0005120730975941225,False
0.8000001848085699,0.0005122863961000059,False
0.8000017861335686,0.000512179746847064,False
0.8000001848085699,0.0005120730975941225,False
0.7999985834835712,0.0005127129931117719,False
0.8000001848085699,0.0005127129931117719,False
0.8000001848085699,0.0005127129931117719,False
0.7999985834835712,0.000512393045352947,False
0.8000001848085699,0.0005128196423647129,False
0.8000001848085699,0.0005131395901235374,False
0.7999985834835712,0.0005127129931117719,False
0.8000001848085699,0.0005128196423647129,False
0.8000001848085699,0.0005127129931117719,False
0.8000001848085699,0.0005131395901235374,False
0.8000001848085699,0.0005127129931117719,False
0.7999985834835712,0.0005129262916176544,False
0.8000001848085699,0.0005129262916176544,False
0.8000001848085699,0.0005130329408705959,False
0.8000001848085699,0.0005130329408705959,False
0.8000001848085699,0.0005130329408705959,False
0.7999985834835712,0.0005130329408705959,False
0.8000017861335686,0.0005132462393764789,False
0.7999985834835712,0.0005133528886294204,False
0.8000001848085699,0.0005134595378823619,False
0.8000001848085699,0.0005131395901235374,False
0.8000001848085699,0.0005134595378823619,False
0.7999985834835712,0.0005133528886294204,False
0.8000001848085699,0.0005135661871353034,False
0.7999985834835712,0.0005133528886294204,False
0.8000017861335686,0.0005137794856411864,False
0.8000001848085699,0.0005136728363882449,False
0.7999985834835712,0.0005135661871353034,False
0.8000001848085699,0.0005137794856411864,False
0.7999985834835712,0.0005137794856411864,False
0.8000001848085699,0.0005137794856411864,False
0.8000001848085699,0.0005138861348941278,False
0.8000001848085699,0.0005137794856411864,False
0.8000001848085699,0.0005139927841470693,False
0.7999985834835712,0.0005137794856411864,False
0.8000001848085699,0.0005140994334000108,False
0.8000017861335686,0.0005140994334000108,False
0.8000001848085699,0.0005139927841470693,False
0.7999985834835712,0.0005137794856411864,False
0.8000001848085699,0.0005142060826529523,False
0.7999985834835712,0.0005142060826529523,False
0.8000001848085699,0.0005143127319058934,False
0.8000001848085699,0.0005143127319058934,False
0.8000001848085699,0.0005144193811588353,False
0.8000001848085699,0.0005144193811588353,False
0.7999985834835712,0.0005148459781706013,False
0.8000001848085699,0.0005144193811588353,False
0.8000001848085699,0.0005144193811588353,False
0.7999985834835712,0.0005144193811588353,False
0.8000001848085699,0.0005145260304117768,False
0.8000001848085699,0.0005146326796647183,False
0.8000001848085699,0.0005146326796647183,False
0.7999985834835712,0.0005146326796647183,False
0.8000001848085699,0.0005147393289176598,False
0.8000001848085699,0.0005147393289176598,False
0.8000001848085699,0.0005147393289176598,False
0.8000001848085699,0.0005146326796647183,False
0.8000001848085699,0.0005147393289176598,False
0.7999985834835712,0.0005149526274235428,False
0.8000001848085699,0.0005147393289176598,False
0.8000001848085699,0.0005148459781706013,False
0.8000001848085699,0.0005150592766764842,False
0.7999985834835712,0.0005150592766764842,False
0.8000001848085699,0.0005152725751823672,False
0.8000001848085699,0.0005148459781706013,False
0.7999985834835712,0.0005152725751823672,False
0.8000017861335686,0.0005149526274235428,False
0.7999985834835712,0.0005151659259294257,False
0.8000001848085699,0.0005151659259294257,False
0.8000001848085699,0.0005153792244353087,False
0.8000001848085699,0.0005152725751823672,False
0.7999985834835712,0.0005153792244353087,False
0.8000001848085699,0.0005151659259294257,False
0.8000001848085699,0.0005156991721941332,False
0.8000001848085699,0.0005153792244353087,False
0.8000001848085699,0.0005155925229411917,False
0.8000001848085699,0.0005155925229411917,False
0.7999985834835712,0.0005155925229411917,False
0.8000001848085699,0.0005155925229411917,False
0.8000001848085699,0.0005158058214470747,False
0.8000001848085699,0.0005154858736882502,False
0.7999985834835712,0.0005158058214470747,False
0.8000001848085699,0.0005156991721941332,False
0.8000001848085699,0.0005156991721941332,False
0.7999985834835712,0.0005156991721941332,False
0.8000001848085699,0.0005165523662176647,False
0.8000001848085699,0.0005160191199529577,False
0.8000001848085699,0.0005159124707000157,False
0.8000001848085699,0.0005159124707000157,False
0.7999985834835712,0.0005160191199529577,False
0.8000001848085699,0.0005161257692058987,False
0.8000001848085699,0.0005161257692058987,False
0.8000001848085699,0.0005160191199529577,False
0.8000001848085699,0.0005161257692058987,False
0.8000001848085699,0.0005162324184588406,False
0.8000001848085699,0.0005162324184588406,False
0.7999985834835712,0.0005163390677117817,False
0.8000001848085699,0.0005163390677117817,False
0.8000001848085699,0.0005162324184588406,False
0.8000001848085699,0.0005161257692058987,False
0.7999985834835712,0.0005163390677117817,False
0.8000001848085699,0.0005163390677117817,False
0.7999985834835712,0.0005163390677117817,False
0.8000017861335686,0.0005165523662176647,False
0.7999985834835712,0.0005164457169647236,False
0.8000001848085699,0.0005165523662176647,False
0.7999985834835712,0.0005164457169647236,False
0.8000017861335686,0.0005165523662176647,False
0.7999985834835712,0.0005165523662176647,False
0.8000001848085699,0.0005166590154706066,False
0.8000001848085699,0.0005165523662176647,False
0.7999985834835712,0.0005166590154706066,False
0.8000017861335686,0.0005168723139764896,False
0.8000001848085699,0.0005167656647235481,False
0.7999985834835712,0.0005167656647235481,False
0.8000001848085699,0.0005167656647235481,False
0.8000001848085699,0.0005167656647235481,False
0.8000001848085699,0.0005168723139764896,False
0.7999985834835712,0.0005168723139764896,False
0.8000001848085699,0.0005169789632294311,False
0.8000001848085699,0.0005168723139764896,False
0.7999985834835712,0.0005169789632294311,False
0.8000001848085699,0.0005171922617353141,False
0.8000001848085699,0.0005170856124823726,False
0.8000001848085699,0.00051761885874708,False
0.8000001848085699,0.0005171922617353141,False
0.7999985834835712,0.0005170856124823726,False
0.8000001848085699,0.0005172989109882551,False
0.8000001848085699,0.0005170856124823726,False
0.8000001848085699,0.0005171922617353141,False
0.7999985834835712,0.0005172989109882551,False
0.8000017861335686,0.000517405560241197,False
0.8000001848085699,0.000517405560241197,False
0.7999985834835712,0.000517405560241197,False
0.8000001848085699,0.000517405560241197,False
0.8000001848085699,0.000517405560241197,False
0.7999985834835712,0.0005172989109882551,False
0.8000001848085699,0.00051761885874708,False
0.8000001848085699,0.0005175122094941381,False
0.8000001848085699,0.000517405560241197,False
0.7999985834835712,0.0005172989109882551,False
0.8000001848085699,0.00051761885874708,False
0.8000001848085699,0.000517832157252963,False
0.8000001848085699,0.0005175122094941381,False
0.8000001848085699,0.0005177255080000211,False
0.7999985834835712,0.0005177255080000211,False
0.8000001848085699,0.0005177255080000211,False
0.8000001848085699,0.000517832157252963,False
0.8000001848085699,0.000517405560241197,False
0.7999985834835712,0.0005175122094941381,False
0.8000017861335686,0.000517832157252963,False
0.8000001848085699,0.0005177255080000211,False
0.7999985834835712,0.0005177255080000211,False
0.8000001848085699,0.00051761885874708,False
0.8000001848085699,0.000518045455758846,False
0.7999985834835712,0.000517832157252963,False
0.8000001848085699,0.000518045455758846,False
0.8000001848085699,0.0005179388065059041,False
0.8000001848085699,0.000518152105011787,False
0.7999985834835712,0.0005177255080000211,False
0.8000001848085699,0.000518258754264729,False
0.8000001848085699,0.000518152105011787,False
0.8000001848085699,0.0005187920005294364,False
0.7999985834835712,0.000518152105011787,False
0.8000001848085699,0.00051836540351767,False
0.8000001848085699,0.00051836540351767,False
0.8000001848085699,0.000518152105011787,False
0.7999985834835712,0.00051836540351767,False
0.8000017861335686,0.00051836540351767,False
0.7999985834835712,0.00051836540351767,False
0.8000017861335686,0.00051836540351767,False
0.7999985834835712,0.000518258754264729,False
0.8000001848085699,0.000518472052770612,False
0.8000001848085699,0.00051836540351767,False
0.7999985834835712,0.00051836540351767,False
0.8000001848085699,0.000518472052770612,False
0.8000001848085699,0.000518578702023553,False
0.7999985834835712,0.000518472052770612,False
0.8000001848085699,0.000518578702023553,False
0.8000001848085699,0.00051836540351767,False
0.8000001848085699,0.000518472052770612,False
0.7999985834835712,0.000518258754264729,False
0.8000001848085699,0.0005186853512764949,False
0.8000001848085699,0.000518578702023553,False
0.8000001848085699,0.00051836540351767,False
0.8000001848085699,0.0005187920005294364,False
0.7999985834835712,0.000518578702023553,False
0.8000001848085699,0.0005186853512764949,False
0.8000001848085699,0.0005186853512764949,False
0.8000001848085699,0.0005188986497823775,False
0.8000001848085699,0.0005186853512764949,False
0.8000001848085699,0.0005187920005294364,False
0.7999985834835712,0.0005188986497823775,False
0.8000001848085699,0.0005187920005294364,False
0.8000001848085699,0.0005187920005294364,False
0.8000001848085699,0.0005188986497823775,False
0.7999985834835712,0.0005188986497823775,False
0.8000001848085699,0.0005188986497823775,False
0.8000001848085699,0.0005191119482882605,False
0.8000001848085699,0.0005188986497823775,False
0.7999985834835712,0.0005190052990353194,False
0.8000001848085699,0.0005195385453000264,False
0.8000001848085699,0.0005190052990353194,False
0.8000001848085699,0.0005191119482882605,False
0.7999985834835712,0.0005192185975412024,False
0.8000001848085699,0.0005192185975412024,False
0.8000001848085699,0.0005188986497823775,False
0.7999985834835712,0.0005193252467941434,False
0.8000017861335686,0.0005192185975412024,False
0.8000001848085699,0.0005192185975412024,False
0.8000001848085699,0.0005192185975412024,False
0.7999985834835712,0.0005193252467941434,False
0.8000001848085699,0.0005191119482882605,False
0.8000001848085699,0.0005194318960470854,False
0.7999985834835712,0.0005194318960470854,False
0.8000001848085699,0.0005195385453000264,False
0.8000001848085699,0.0005193252467941434,False
0.8000001848085699,0.0005194318960470854,False
0.8000001848085699,0.0005193252467941434,False
0.7999985834835712,0.0005196451945529684,False
0.8000001848085699,0.0005194318960470854,False
0.8000001848085699,0.0005196451945529684,False
0.8000001848085699,0.0005197518438059094,False
0.8000001848085699,0.0005196451945529684,False
0.7999985834835712,0.0005195385453000264,False
0.8000001848085699,0.0005197518438059094,False
0.8000001848085699,0.0005197518438059094,False
0.8000001848085699,0.0005195385453000264,False
0.8000001848085699,0.0005196451945529684,False
0.8000001848085699,0.0005196451945529684,False
0.8000001848085699,0.0005198584930588513,False
0.7999985834835712,0.0005194318960470854,False
0.8000001848085699,0.0005198584930588513,False
0.7999985834835712,0.0005199651423117924,False
0.8000001848085699,0.0005198584930588513,False
0.8000001848085699,0.0005199651423117924,False
0.8000001848085699,0.0005200717915647343,False
0.8000001848085699,0.0005199651423117924,False
0.7999985834835712,0.0005198584930588513,False
0.8000001848085699,0.0005199651423117924,False
0.8000001848085699,0.0005204983885764999,False
0.7999985834835712,0.0005199651423117924,False
0.8000001848085699,0.0005201784408176754,False
0.8000001848085699,0.0005200717915647343,False
0.8000001848085699,0.0005201784408176754,False
0.8000001848085699,0.0005200717915647343,False
0.8000001848085699,0.0005202850900706173,False
0.8000001848085699,0.0005202850900706173,False
0.7999985834835712,0.0005200717915647343,False
0.8000001848085699,0.0005201784408176754,False
0.8000001848085699,0.0005202850900706173,False
0.8000001848085699,0.0005201784408176754,False
0.7999985834835712,0.0005201784408176754,False
0.8000001848085699,0.0005202850900706173,False
0.7999985834835712,0.0005200717915647343,False
0.8000017861335686,0.0005203917393235584,False
0.8000001848085699,0.0005204983885764999,False
0.7999985834835712,0.0005206050378294413,False
0.8000001848085699,0.0005202850900706173,False
0.8000001848085699,0.0005204983885764999,False
0.8000001848085699,0.0005204983885764999,False
0.7999985834835712,0.0005203917393235584,False
0.8000001848085699,0.0005202850900706173,False
0.8000001848085699,0.0005204983885764999,False
0.7999985834835712,0.0005204983885764999,False
0.8000017861335686,0.0005204983885764999,False
0.8000001848085699,0.0005203917393235584,False
0.7999985834835712,0.0005204983885764999,False
0.8000001848085699,0.0005204983885764999,False
0.8000001848085699,0.0005206050378294413,False
0.7999985834835712,0.0005206050378294413,False
0.8000001848085699,0.0005207116870823828,False
0.8000001848085699,0.0005208183363353243,False
0.8000001848085699,0.0005206050378294413,False
0.7999985834835712,0.0005207116870823828,False
0.8000017861335686,0.0005207116870823828,False
0.7999985834835712,0.0005207116870823828,False
0.7999985834835712,0.0005208183363353243,False
0.8000017861335686,0.0005208183363353243,False
0.7999985834835712,0.0005210316348412077,False
0.8000001848085699,0.0005210316348412077,False
0.8000001848085699,0.0005209249855882658,False
0.8000001848085699,0.0005211382840941488,False
0.7999985834835712,0.0005207116870823828,False
0.8000017861335686,0.0005210316348412077,False
0.7999985834835712,0.0005210316348412077,False
0.8000001848085699,0.0005208183363353243,False
0.7999985834835712,0.0005211382840941488,False
0.8000001848085699,0.0005210316348412077,False
0.8000001848085699,0.0005213515826000318,False
0.8000001848085699,0.0005210316348412077,False
0.8000001848085699,0.0005214582318529737,False
0.7999985834835712,0.0005211382840941488,False
0.8000001848085699,0.0005212449333470907,False
0.8000001848085699,0.0005213515826000318,False
0.8000001848085699,0.0005212449333470907,False
0.8000001848085699,0.0005214582318529737,False
0.8000001848085699,0.0005212449333470907,False
0.7999985834835712,0.0005213515826000318,False
0.8000001848085699,0.0005213515826000318,False
0.8000001848085699,0.0005213515826000318,False
0.7999985834835712,0.0005212449333470907,False
0.8000001848085699,0.0005214582318529737,False
0.8000017861335686,0.0005216715303588567,False
0.7999985834835712,0.0005211382840941488,False
0.8000001848085699,0.0005215648811059148,False
0.7999985834835712,0.0005214582318529737,False
0.8000001848085699,0.0005211382840941488,False
0.8000001848085699,0.0005215648811059148,False
0.8000001848085699,0.0005214582318529737,False
0.8000001848085699,0.0005213515826000318,False
0.8000001848085699,0.0005217781796117977,False
0.7999985834835712,0.0005215648811059148,False
0.8000001848085699,0.0005215648811059148,False
0.8000001848085699,0.0005213515826000318,False
0.7999985834835712,0.0005216715303588567,False
0.8000001848085699,0.0005216715303588567,False
0.8000001848085699,0.0005215648811059148,False
0.7999985834835712,0.0005216715303588567,False
0.8000017861335686,0.0005216715303588567,False
0.7999985834835712,0.0005215648811059148,False
0.8000001848085699,0.0005216715303588567,False
0.8000001848085699,0.0005218848288647397,False
0.8000017861335686,0.0005217781796117977,False
0.7999985834835712,0.0005217781796117977,False
0.7999985834835712,0.0005217781796117977,False
0.8000001848085699,0.0005219914781176807,False
0.8000001848085699,0.0005217781796117977,False
0.8000001848085699,0.0005218848288647397,False
0.7999985834835712,0.0005217781796117977,False
0.8000001848085699,0.0005219914781176807,False
0.8000001848085699,0.0005216715303588567,False
0.8000001848085699,0.0005219914781176807,False
0.8000001848085699,0.0005218848288647397,False
0.7999985834835712,0.0005216715303588567,False
0.8000001848085699,0.0005218848288647397,False
0.8000001848085699,0.0005219914781176807,False
0.8000001848085699,0.0005217781796117977,False
0.8000001848085699,0.0005216715303588567,False
0.7999985834835712,0.0005219914781176807,False
0.8000001848085699,0.0005219914781176807,False
0.8000001848085699,0.0005218848288647397,False
0.8000001848085699,0.0005219914781176807,False
0.8000001848085699,0.0005222047766235637,False
0.8000001848085699,0.0005219914781176807,False
0.7999985834835712,0.0005222047766235637,False
0.8000001848085699,0.0005220981273706222,False
0.8000001848085699,0.0005222047766235637,False
0.7999985834835712,0.0005219914781176807,False
0.8000001848085699,0.0005220981273706222,False
0.8000001848085699,0.0005220981273706222,False
0.8000001848085699,0.0005220981273706222,False
0.8000001848085699,0.0005222047766235637,False
0.7999985834835712,0.0005222047766235637,False
0.8000001848085699,0.0005223114258765052,False
0.8000001848085699,0.0005222047766235637,False
0.8000001848085699,0.0005222047766235637,False
0.7999985834835712,0.0005224180751294467,False
0.8000001848085699,0.0005220981273706222,False
0.8000001848085699,0.0005224180751294467,False
0.8000001848085699,0.0005224180751294467,False
0.8000001848085699,0.0005222047766235637,False
0.8000001848085699,0.0005223114258765052,False
0.7999985834835712,0.0005225247243823882,False
0.8000001848085699,0.0005224180751294467,False
0.8000001848085699,0.0005222047766235637,False
0.8000001848085699,0.0005223114258765052,False
0.8000001848085699,0.0005226313736353297,False
0.7999985834835712,0.0005223114258765052,False
0.8000001848085699,0.0005225247243823882,False
0.8000001848085699,0.0005226313736353297,False
0.7999985834835712,0.0005224180751294467,False
0.8000001848085699,0.0005225247243823882,False
0.8000001848085699,0.0005227380228882712,False
0.8000001848085699,0.0005226313736353297,False
0.7999985834835712,0.0005224180751294467,False
0.8000001848085699,0.0005227380228882712,False
0.8000001848085699,0.0005227380228882712,False
0.8000001848085699,0.0005225247243823882,False
0.8000001848085699,0.0005227380228882712,False
0.8000001848085699,0.0005226313736353297,False
0.7999985834835712,0.0005225247243823882,False
0.8000001848085699,0.0005228446721412127,False
0.8000001848085699,0.0005226313736353297,False
0.8000001848085699,0.0005226313736353297,False
0.7999985834835712,0.0005228446721412127,False
0.8000001848085699,0.0005227380228882712,False
0.8000001848085699,0.0005227380228882712,False
0.7999985834835712,0.0005228446721412127,False
0.8000017861335686,0.0005230579706470961,False
0.8000001848085699,0.0005226313736353297,False
0.7999985834835712,0.0005226313736353297,False
0.8000001848085699,0.0005230579706470961,False
0.8000001848085699,0.0005228446721412127,False
0.7999985834835712,0.0005230579706470961,False
0.8000001848085699,0.0005227380228882712,False
0.8000001848085699,0.0005228446721412127,False
0.8000001848085699,0.0005227380228882712,False
0.8000001848085699,0.0005228446721412127,False
0.8000001848085699,0.0005230579706470961,False
0.7999985834835712,0.0005229513213941541,False
0.8000001848085699,0.0005227380228882712,False
0.8000001848085699,0.0005230579706470961,False
0.7999985834835712,0.0005229513213941541,False
0.8000001848085699,0.0005229513213941541,False
0.8000001848085699,0.0005230579706470961,False
0.8000001848085699,0.0005231646199000371,False
0.7999985834835712,0.0005230579706470961,False
0.8000017861335686,0.0005229513213941541,False
0.7999985834835712,0.0005231646199000371,False
0.8000001848085699,0.0005228446721412127,False
0.8000001848085699,0.0005228446721412127,False
0.7999985834835712,0.0005231646199000371,False
0.8000001848085699,0.000523271269152979,False
0.8000001848085699,0.0005229513213941541,False
0.8000001848085699,0.0005231646199000371,False
0.8000001848085699,0.000523271269152979,False
0.8000001848085699,0.0005231646199000371,False
0.7999985834835712,0.0005230579706470961,False
0.8000001848085699,0.000523484567658862,False
0.8000001848085699,0.00047847858291755413,False
0.8000001848085699,0.00047367936653518747,False
0.8000001848085699,0.0004732527695234211,False
0.7999985834835712,0.00047261287400577256,False
0.8000001848085699,0.0004720796277410651,False
0.8000001848085699,0.0004716530307292996,False
0.8000001848085699,0.0004711197844645917,False
0.8000001848085699,0.0004706931874528257,False
0.7999985834835712,0.00047037323969400125,False
0.7999985834835712,0.0004697333441763523,False
0.8000017861335686,0.0004695200456704693,False
0.8000001848085699,0.00046941339641752827,False
0.7999985834835712,0.0004685602023939959,False
0.8000001848085699,0.0004683469038881129,False
0.7999985834835712,0.00046813360538222994,False
0.8000001848085699,0.0004678136576234059,False
0.8000017861335686,0.00046738706061163994,False
0.8000001848085699,0.00046717376210575695,False
0.7999985834835712,0.0004668538143469325,False
0.8000001848085699,0.0004665338665881076,False
0.7999985834835712,0.0004661072695763416,False
0.8000001848085699,0.00046578732181751757,False
0.8000001848085699,0.00046568067256457565,False
0.8000001848085699,0.0004651474262998686,False
0.8000001848085699,0.00046504077704692713,False
0.7999985834835712,0.00046504077704692713,False
0.8000001848085699,0.00046450753078221925,False
0.8000001848085699,0.00046429423227633626,False
0.8000001848085699,0.0004640809337704533,False
0.7999985834835712,0.00046376098601162924,False
0.8000001848085699,0.00046365433675868775,False
0.8000001848085699,0.00046344103825280477,False
0.8000001848085699,0.0004631210904939803,False
0.8000001848085699,0.0004631210904939803,False
0.7999985834835712,0.0004628011427351558,False
0.8000017861335686,0.00046258784422927284,False
0.7999985834835712,0.00046258784422927284,False
0.8000001848085699,0.00046237454572338986,False
0.8000001848085699,0.0004620545979645654,False
0.7999985834835712,0.0004618412994586824,False
0.8000001848085699,0.0004618412994586824,False
0.8000001848085699,0.00046152135169985793,False
0.8000001848085699,0.00046130805319397495,False
0.7999985834835712,0.00046109475468809197,False
0.8000017861335686,0.0004607748069292675,False
0.7999985834835712,0.000460668157676326,False
0.8000001848085699,0.0004605615084233845,False
0.8000001848085699,0.00046034820991750153,False
0.7999985834835712,0.00046024156066456004,False
0.8000001848085699,0.00046013491141161855,False
0.8000001848085699,0.00045992161290573557,False
0.8000001848085699,0.0004598149636527941,False
0.8000001848085699,0.0004597083143998526,False
0.7999985834835712,0.0004593883666410281,False
0.8000017861335686,0.0004593883666410281,False
0.7999985834835712,0.00045917506813514513,False
0.8000001848085699,0.00045928171738808705,False
0.8000001848085699,0.0004588551203763211,False
0.7999985834835712,0.0004588551203763211,False
0.8000001848085699,0.0004585351726174962,False
0.8000001848085699,0.0004585351726174962,False
0.8000001848085699,0.0004584285233645547,False
0.8000001848085699,0.0004584285233645547,False
0.7999985834835712,0.00045800192635278873,False
0.8000001848085699,0.0004581085756057302,False
0.8000001848085699,0.00045789527709984724,False
0.7999985834835712,0.0004576819785939647,False
0.8000001848085699,0.00045757532934102276,False
0.8000001848085699,0.0004574686800880817,False
0.8000001848085699,0.0004574686800880817,False
0.7999985834835712,0.0004573620308351398,False
0.8000017861335686,0.0004571487323292568,False
